epochs,function,layer 1,layer 2,layer 3,learning rate,test MSE,Percentage movement correct,Ratio Made
3000.0,TanhShrink,128.0,64.0,16.0,0.03,0.009122165851294994,48.412696838378906,1.7246336936950684
3000.0,TanhShrink,128.0,64.0,16.0,0.03,0.009122165851294994,48.412696838378906,1.7246336936950684
5000.0,Relu,128.0,64.0,16.0,0.003,0.013472841121256351,51.984127044677734,2.1834652423858643
5000.0,Relu,128.0,32.0,4.0,0.003,0.011468961834907532,52.77777862548828,1.9509572982788086
10000.0,TanhShrink,128.0,32.0,4.0,0.003,0.012745310552418232,48.80952453613281,1.465869665145874
10000.0,Relu,128.0,32.0,4.0,0.003,0.016698641702532768,50.39682388305664,1.8300671577453613
3000.0,TanhShrink,128.0,32.0,4.0,0.001,0.008716515265405178,51.984127044677734,1.895570158958435
3000.0,Relu,128.0,32.0,4.0,0.001,0.008995210751891136,51.587303161621094,1.8692381381988525
5000.0,TanhShrink,128.0,32.0,4.0,0.001,0.009677101857960224,57.14285659790039,2.3316922187805176
5000.0,Relu,128.0,32.0,4.0,0.001,0.028379781171679497,52.77777862548828,1.8586348295211792
10000.0,TanhShrink,128.0,32.0,4.0,0.001,0.014240519143640995,54.761905670166016,1.9249008893966675
10000.0,Relu,128.0,32.0,4.0,0.001,0.01752689853310585,55.55555725097656,2.136032819747925
3000.0,TanhShrink,128.0,16.0,16.0,0.03,0.008015102706849575,53.96825408935547,2.183799982070923
10000.0,TanhShrink,128.0,64.0,16.0,0.003,0.01336590014398098,51.984127044677734,1.709921956062317
3000.0,Relu,128.0,16.0,16.0,0.03,0.016143590211868286,52.77777862548828,2.02994966506958
5000.0,TanhShrink,128.0,16.0,16.0,0.03,0.03045925684273243,50.39682388305664,1.8923777341842651
5000.0,Relu,128.0,16.0,16.0,0.03,0.01543323416262865,55.55555725097656,1.8980708122253418
10000.0,TanhShrink,128.0,16.0,16.0,0.03,0.011531165800988674,48.80952453613281,1.5932302474975586
10000.0,Relu,128.0,16.0,16.0,0.03,0.013227405957877636,58.33333206176758,2.2851147651672363
3000.0,TanhShrink,128.0,16.0,16.0,0.003,0.009421582333743572,55.158729553222656,2.146800994873047
3000.0,Relu,128.0,16.0,16.0,0.003,0.010158783756196499,51.587303161621094,1.8125724792480469
5000.0,TanhShrink,128.0,16.0,16.0,0.003,0.0105216009542346,58.33333206176758,2.3631670475006104
5000.0,Relu,128.0,16.0,16.0,0.003,0.01360631175339222,52.380950927734375,1.7630780935287476
10000.0,TanhShrink,128.0,16.0,16.0,0.003,0.013450651429593563,52.380950927734375,1.8763878345489502
10000.0,Relu,128.0,64.0,16.0,0.003,0.01621859334409237,58.33333206176758,2.449906349182129
10000.0,Relu,128.0,16.0,16.0,0.003,0.013857911340892315,52.380950927734375,1.7921062707901
3000.0,TanhShrink,128.0,16.0,16.0,0.001,0.008923259563744068,53.17460250854492,2.0207064151763916
3000.0,Relu,128.0,16.0,16.0,0.001,0.011100762523710728,59.92063522338867,2.5850651264190674
5000.0,TanhShrink,128.0,16.0,16.0,0.001,0.010000225156545639,53.96825408935547,1.9429056644439697
5000.0,Relu,128.0,16.0,16.0,0.001,0.015306789427995682,55.55555725097656,1.978498101234436
10000.0,TanhShrink,128.0,16.0,16.0,0.001,0.01416722685098648,55.55555725097656,2.0026156902313232
10000.0,Relu,128.0,16.0,16.0,0.001,0.011883743107318878,52.77777862548828,2.0078518390655518
3000.0,TanhShrink,128.0,16.0,8.0,0.03,0.008415364660322666,52.380950927734375,2.2381818294525146
3000.0,Relu,128.0,16.0,8.0,0.03,0.014649520628154278,53.17460250854492,1.8866662979125977
5000.0,TanhShrink,128.0,16.0,8.0,0.03,0.022164946421980858,49.60317611694336,1.4798539876937866
3000.0,TanhShrink,128.0,64.0,16.0,0.001,0.009235835634171963,52.380950927734375,1.9959614276885986
5000.0,Relu,128.0,16.0,8.0,0.03,0.014214657247066498,53.17460250854492,1.6663023233413696
10000.0,TanhShrink,128.0,16.0,8.0,0.03,0.01250092126429081,48.015872955322266,1.7768001556396484
10000.0,Relu,128.0,16.0,8.0,0.03,0.4487524628639221,51.984127044677734,1.7382885217666626
3000.0,TanhShrink,128.0,16.0,8.0,0.003,0.008625520393252373,53.57143020629883,1.8538068532943726
3000.0,Relu,128.0,16.0,8.0,0.003,0.013809033669531345,53.57143020629883,1.6957390308380127
5000.0,TanhShrink,128.0,16.0,8.0,0.003,0.010389808565378189,56.74603271484375,2.2417635917663574
5000.0,Relu,128.0,16.0,8.0,0.003,0.014914251863956451,53.57143020629883,1.842389702796936
10000.0,TanhShrink,128.0,16.0,8.0,0.003,0.011818544007837772,52.77777862548828,1.7566077709197998
10000.0,Relu,128.0,16.0,8.0,0.003,0.02041652798652649,52.380950927734375,1.7598984241485596
3000.0,TanhShrink,128.0,16.0,8.0,0.001,0.007641666103154421,51.984127044677734,1.8037230968475342
3000.0,Relu,128.0,64.0,16.0,0.001,0.011721841059625149,55.55555725097656,2.4002809524536133
3000.0,Relu,128.0,16.0,8.0,0.001,0.011083952151238918,52.77777862548828,1.6450297832489014
5000.0,TanhShrink,128.0,16.0,8.0,0.001,0.008170799352228642,56.349205017089844,2.013607978820801
5000.0,Relu,128.0,16.0,8.0,0.001,0.011364990845322609,58.33333206176758,2.4870412349700928
10000.0,TanhShrink,128.0,16.0,8.0,0.001,0.009388159029185772,54.36507797241211,1.8841248750686646
10000.0,Relu,128.0,16.0,8.0,0.001,0.015062396414577961,53.96825408935547,1.8547227382659912
3000.0,TanhShrink,128.0,16.0,4.0,0.03,0.020923646166920662,47.619049072265625,1.3053112030029297
3000.0,Relu,128.0,16.0,4.0,0.03,0.011641350574791431,50.79365158081055,1.9214071035385132
5000.0,TanhShrink,128.0,16.0,4.0,0.03,0.007005051244050264,53.57143020629883,2.262336492538452
5000.0,Relu,128.0,16.0,4.0,0.03,0.012360905297100544,53.17460250854492,1.8429139852523804
10000.0,TanhShrink,128.0,16.0,4.0,0.03,0.009156287647783756,53.17460250854492,1.7551933526992798
5000.0,TanhShrink,128.0,64.0,16.0,0.001,0.00987219251692295,54.36507797241211,1.8489869832992554
10000.0,Relu,128.0,16.0,4.0,0.03,0.013497572392225266,53.17460250854492,2.0939035415649414
3000.0,TanhShrink,128.0,16.0,4.0,0.003,0.00965233612805605,53.17460250854492,1.91924250125885
3000.0,Relu,128.0,16.0,4.0,0.003,0.013531557284295559,57.5396842956543,2.408828020095825
5000.0,TanhShrink,128.0,16.0,4.0,0.003,0.009782618843019009,56.349205017089844,2.13041090965271
5000.0,Relu,128.0,16.0,4.0,0.003,0.01172673050314188,51.984127044677734,1.6816989183425903
10000.0,TanhShrink,128.0,16.0,4.0,0.003,0.013795257546007633,52.77777862548828,1.7514994144439697
10000.0,Relu,128.0,16.0,4.0,0.003,0.012989301234483719,60.71428680419922,2.6687777042388916
3000.0,TanhShrink,128.0,16.0,4.0,0.001,0.00744968606159091,52.77777862548828,1.9554016590118408
3000.0,Relu,128.0,16.0,4.0,0.001,0.011559026315808296,53.57143020629883,1.7474849224090576
5000.0,TanhShrink,128.0,16.0,4.0,0.001,0.009955971501767635,55.158729553222656,2.0994088649749756
5000.0,Relu,128.0,64.0,16.0,0.001,0.01601172238588333,48.80952453613281,1.6414177417755127
5000.0,Relu,128.0,16.0,4.0,0.001,0.011509695090353489,59.126983642578125,2.442556858062744
10000.0,TanhShrink,128.0,16.0,4.0,0.001,0.010230830870568752,53.17460250854492,2.139023780822754
10000.0,Relu,128.0,16.0,4.0,0.001,0.014501195400953293,49.20634841918945,1.556354284286499
3000.0,TanhShrink,64.0,64.0,16.0,0.03,0.3119667172431946,56.74603271484375,1.7994004487991333
3000.0,Relu,64.0,64.0,16.0,0.03,0.012711952440440655,53.57143020629883,1.7069100141525269
5000.0,TanhShrink,64.0,64.0,16.0,0.03,0.05584137886762619,53.57143020629883,1.9862576723098755
5000.0,Relu,64.0,64.0,16.0,0.03,0.017549172043800354,50.79365158081055,1.8257004022598267
10000.0,TanhShrink,64.0,64.0,16.0,0.03,0.02002721279859543,46.82539749145508,1.320900797843933
10000.0,Relu,64.0,64.0,16.0,0.03,0.01600274071097374,54.36507797241211,2.1043636798858643
3000.0,TanhShrink,64.0,64.0,16.0,0.003,0.009715069085359573,56.349205017089844,2.0290327072143555
10000.0,TanhShrink,128.0,64.0,16.0,0.001,0.01113277580589056,58.33333206176758,2.2648158073425293
3000.0,Relu,64.0,64.0,16.0,0.003,0.01195359043776989,56.349205017089844,2.952791452407837
5000.0,TanhShrink,64.0,64.0,16.0,0.003,0.010242480784654617,55.158729553222656,2.055274486541748
5000.0,Relu,64.0,64.0,16.0,0.003,0.019937710836529732,51.587303161621094,1.4975066184997559
10000.0,TanhShrink,64.0,64.0,16.0,0.003,0.01448522973805666,52.77777862548828,1.8227171897888184
10000.0,Relu,64.0,64.0,16.0,0.003,0.017514370381832123,53.96825408935547,2.2804784774780273
3000.0,TanhShrink,64.0,64.0,16.0,0.001,0.007230792660266161,59.52381134033203,2.6342592239379883
3000.0,Relu,64.0,64.0,16.0,0.001,0.012047100812196732,53.96825408935547,2.0398306846618652
5000.0,TanhShrink,64.0,64.0,16.0,0.001,0.008396756835281849,54.761905670166016,1.7541980743408203
5000.0,Relu,64.0,64.0,16.0,0.001,0.011996516957879066,51.984127044677734,1.660141944885254
10000.0,TanhShrink,64.0,64.0,16.0,0.001,0.012085738591849804,52.77777862548828,1.6991395950317383
10000.0,Relu,128.0,64.0,16.0,0.001,0.01447521522641182,50.39682388305664,1.5926932096481323
10000.0,Relu,64.0,64.0,16.0,0.001,0.017855830490589142,55.9523811340332,2.0468623638153076
3000.0,TanhShrink,64.0,64.0,8.0,0.03,0.4037213623523712,53.17460250854492,1.8887100219726562
3000.0,Relu,64.0,64.0,8.0,0.03,0.014182384125888348,53.17460250854492,1.8662720918655396
5000.0,TanhShrink,64.0,64.0,8.0,0.03,0.007702857255935669,54.36507797241211,2.423433780670166
5000.0,Relu,64.0,64.0,8.0,0.03,0.013863243162631989,51.984127044677734,1.6358412504196167
10000.0,TanhShrink,64.0,64.0,8.0,0.03,0.007221383973956108,55.9523811340332,2.809170722961426
10000.0,Relu,64.0,64.0,8.0,0.03,0.0069093164056539536,59.92063522338867,2.617150068283081
3000.0,TanhShrink,64.0,64.0,8.0,0.003,0.01609470508992672,56.74603271484375,1.9643346071243286
3000.0,Relu,64.0,64.0,8.0,0.003,0.011750929057598114,57.14285659790039,1.8769996166229248
5000.0,TanhShrink,64.0,64.0,8.0,0.003,0.010466468520462513,57.5396842956543,2.1227355003356934
3000.0,TanhShrink,128.0,64.0,8.0,0.03,0.008892967365682125,53.96825408935547,1.6961930990219116
5000.0,Relu,64.0,64.0,8.0,0.003,0.017413396388292313,56.349205017089844,2.1233208179473877
10000.0,TanhShrink,64.0,64.0,8.0,0.003,0.014672668650746346,52.380950927734375,1.5846195220947266
10000.0,Relu,64.0,64.0,8.0,0.003,0.01690291054546833,49.60317611694336,1.4808341264724731
3000.0,TanhShrink,64.0,64.0,8.0,0.001,0.008567874319851398,57.93650817871094,2.659452438354492
3000.0,Relu,64.0,64.0,8.0,0.001,0.011854954063892365,57.5396842956543,2.1176249980926514
5000.0,TanhShrink,64.0,64.0,8.0,0.001,0.007831092923879623,58.730159759521484,2.5180864334106445
5000.0,Relu,64.0,64.0,8.0,0.001,0.013479663990437984,51.587303161621094,1.8483291864395142
10000.0,TanhShrink,64.0,64.0,8.0,0.001,0.012291556224226952,52.77777862548828,1.8371179103851318
10000.0,Relu,64.0,64.0,8.0,0.001,0.017651963979005814,50.39682388305664,1.6016275882720947
3000.0,TanhShrink,64.0,64.0,4.0,0.03,0.013321666978299618,55.158729553222656,1.840684413909912
3000.0,Relu,128.0,64.0,16.0,0.03,0.01225779578089714,52.380950927734375,1.735995888710022
3000.0,Relu,128.0,64.0,16.0,0.03,0.01225779578089714,52.380950927734375,1.735995888710022
3000.0,Relu,128.0,64.0,8.0,0.03,0.01231366116553545,55.55555725097656,2.309865951538086
3000.0,Relu,64.0,64.0,4.0,0.03,0.013875661417841911,52.77777862548828,1.4324898719787598
5000.0,TanhShrink,64.0,64.0,4.0,0.03,0.031226474791765213,50.79365158081055,1.5738630294799805
5000.0,Relu,64.0,64.0,4.0,0.03,0.01084656361490488,57.14285659790039,2.232001781463623
10000.0,TanhShrink,64.0,64.0,4.0,0.03,0.008509197272360325,59.126983642578125,3.046393394470215
10000.0,Relu,64.0,64.0,4.0,0.03,0.016478704288601875,51.19047546386719,1.5599712133407593
3000.0,TanhShrink,64.0,64.0,4.0,0.003,0.01017017848789692,55.158729553222656,2.122406244277954
3000.0,Relu,64.0,64.0,4.0,0.003,0.015859832987189293,51.984127044677734,1.3813925981521606
5000.0,TanhShrink,64.0,64.0,4.0,0.003,0.011600970290601254,52.77777862548828,1.689137578010559
5000.0,Relu,64.0,64.0,4.0,0.003,0.014265436679124832,48.412696838378906,1.4867819547653198
10000.0,TanhShrink,64.0,64.0,4.0,0.003,0.01107654720544815,55.9523811340332,1.8482282161712646
5000.0,TanhShrink,128.0,64.0,8.0,0.03,0.04149174690246582,50.79365158081055,1.540573239326477
10000.0,Relu,64.0,64.0,4.0,0.003,0.016599373891949654,54.761905670166016,1.7733627557754517
3000.0,TanhShrink,64.0,64.0,4.0,0.001,0.007940534502267838,53.57143020629883,2.061743974685669
3000.0,Relu,64.0,64.0,4.0,0.001,0.011431670747697353,51.19047546386719,1.8074043989181519
5000.0,TanhShrink,64.0,64.0,4.0,0.001,0.00984139647334814,54.36507797241211,1.9452407360076904
5000.0,Relu,64.0,64.0,4.0,0.001,0.011613871902227402,53.57143020629883,1.9516046047210693
10000.0,TanhShrink,64.0,64.0,4.0,0.001,0.010808340273797512,60.71428680419922,2.631554365158081
10000.0,Relu,64.0,64.0,4.0,0.001,0.017191747203469276,53.57143020629883,2.440030097961426
3000.0,TanhShrink,64.0,32.0,16.0,0.03,0.016764787957072258,53.57143020629883,1.5429710149765015
3000.0,Relu,64.0,32.0,16.0,0.03,0.013596714474260807,50.0,1.5354218482971191
5000.0,TanhShrink,64.0,32.0,16.0,0.03,0.01098431646823883,48.412696838378906,1.8172461986541748
5000.0,Relu,128.0,64.0,8.0,0.03,0.013150692917406559,50.39682388305664,1.992760181427002
5000.0,Relu,64.0,32.0,16.0,0.03,0.014022194780409336,52.380950927734375,1.756996989250183
10000.0,TanhShrink,64.0,32.0,16.0,0.03,0.00818131398409605,50.39682388305664,1.7372475862503052
10000.0,Relu,64.0,32.0,16.0,0.03,0.018330665305256844,50.79365158081055,2.135100841522217
3000.0,TanhShrink,64.0,32.0,16.0,0.003,0.009252184070646763,53.96825408935547,1.8849214315414429
3000.0,Relu,64.0,32.0,16.0,0.003,0.011643006466329098,52.380950927734375,1.9803763628005981
5000.0,TanhShrink,64.0,32.0,16.0,0.003,0.010838638991117477,56.349205017089844,2.401871681213379
5000.0,Relu,64.0,32.0,16.0,0.003,0.01604638248682022,53.17460250854492,1.9630717039108276
10000.0,TanhShrink,64.0,32.0,16.0,0.003,0.014763243496418,55.158729553222656,1.9826650619506836
10000.0,Relu,64.0,32.0,16.0,0.003,0.015927376225590706,55.55555725097656,2.6617298126220703
3000.0,TanhShrink,64.0,32.0,16.0,0.001,0.0082157077267766,57.14285659790039,2.0136778354644775
10000.0,TanhShrink,128.0,64.0,8.0,0.03,0.016736652702093124,52.380950927734375,1.8710393905639648
3000.0,Relu,64.0,32.0,16.0,0.001,0.00973121915012598,51.19047546386719,1.7289068698883057
5000.0,TanhShrink,64.0,32.0,16.0,0.001,0.025736656039953232,57.93650817871094,2.001793384552002
5000.0,Relu,64.0,32.0,16.0,0.001,0.01430185791105032,51.984127044677734,1.8668296337127686
10000.0,TanhShrink,64.0,32.0,16.0,0.001,0.024674825370311737,53.57143020629883,1.5285768508911133
10000.0,Relu,64.0,32.0,16.0,0.001,0.01209286879748106,57.93650817871094,2.1714670658111572
3000.0,TanhShrink,64.0,32.0,8.0,0.03,0.05280716344714165,47.22222137451172,1.4516587257385254
3000.0,Relu,64.0,32.0,8.0,0.03,0.015762660652399063,49.60317611694336,1.2669883966445923
5000.0,TanhShrink,64.0,32.0,8.0,0.03,0.022345634177327156,52.77777862548828,1.8913284540176392
5000.0,Relu,64.0,32.0,8.0,0.03,0.01218506321310997,54.36507797241211,2.229063034057617
10000.0,TanhShrink,64.0,32.0,8.0,0.03,0.025141704827547073,54.36507797241211,1.9744770526885986
10000.0,Relu,128.0,64.0,8.0,0.03,0.01446045096963644,57.14285659790039,2.402269124984741
10000.0,Relu,64.0,32.0,8.0,0.03,0.014143699780106544,51.587303161621094,2.2899882793426514
3000.0,TanhShrink,64.0,32.0,8.0,0.003,0.008944548666477203,55.158729553222656,2.040560007095337
3000.0,Relu,64.0,32.0,8.0,0.003,0.014507974497973919,52.380950927734375,1.562934398651123
5000.0,TanhShrink,64.0,32.0,8.0,0.003,0.00832753162831068,56.349205017089844,1.8307318687438965
5000.0,Relu,64.0,32.0,8.0,0.003,0.013605107553303242,51.984127044677734,1.585513710975647
10000.0,TanhShrink,64.0,32.0,8.0,0.003,0.013595951721072197,57.93650817871094,2.1849353313446045
10000.0,Relu,64.0,32.0,8.0,0.003,0.015960054472088814,56.74603271484375,2.474729061126709
3000.0,TanhShrink,64.0,32.0,8.0,0.001,0.008560921996831894,51.984127044677734,2.163787603378296
3000.0,Relu,64.0,32.0,8.0,0.001,0.010747997090220451,52.77777862548828,2.1232051849365234
5000.0,TanhShrink,64.0,32.0,8.0,0.001,0.008641916327178478,55.158729553222656,2.11783766746521
3000.0,TanhShrink,128.0,64.0,8.0,0.003,0.009283509105443954,51.587303161621094,1.746004343032837
5000.0,Relu,64.0,32.0,8.0,0.001,0.012158537283539772,55.9523811340332,2.352933645248413
10000.0,TanhShrink,64.0,32.0,8.0,0.001,0.011766714975237846,53.17460250854492,1.6685333251953125
10000.0,Relu,64.0,32.0,8.0,0.001,0.01674855314195156,54.761905670166016,1.9505643844604492
3000.0,TanhShrink,64.0,32.0,4.0,0.03,0.00827829260379076,51.19047546386719,1.5547246932983398
3000.0,Relu,64.0,32.0,4.0,0.03,0.011529315263032913,56.349205017089844,1.9522802829742432
5000.0,TanhShrink,64.0,32.0,4.0,0.03,0.008691110648214817,56.349205017089844,2.2229604721069336
5000.0,Relu,64.0,32.0,4.0,0.03,0.015838755294680595,54.761905670166016,1.793102502822876
10000.0,TanhShrink,64.0,32.0,4.0,0.03,0.00908399373292923,50.39682388305664,1.644256353378296
10000.0,Relu,64.0,32.0,4.0,0.03,0.015358826145529747,50.39682388305664,1.8953659534454346
3000.0,TanhShrink,64.0,32.0,4.0,0.003,0.008590896613895893,53.17460250854492,1.7089425325393677
3000.0,Relu,128.0,64.0,8.0,0.003,0.01626630872488022,52.380950927734375,2.029081106185913
3000.0,Relu,64.0,32.0,4.0,0.003,0.011000175960361958,51.587303161621094,1.7311913967132568
5000.0,TanhShrink,64.0,32.0,4.0,0.003,0.010101934894919395,55.55555725097656,2.1460587978363037
5000.0,Relu,64.0,32.0,4.0,0.003,0.015426392666995525,56.349205017089844,1.950555443763733
10000.0,TanhShrink,64.0,32.0,4.0,0.003,0.013618355616927147,53.96825408935547,2.018172264099121
10000.0,Relu,64.0,32.0,4.0,0.003,0.014037646353244781,57.5396842956543,2.856252431869507
3000.0,TanhShrink,64.0,32.0,4.0,0.001,0.008210656233131886,55.158729553222656,2.2936463356018066
3000.0,Relu,64.0,32.0,4.0,0.001,0.011251291260123253,56.74603271484375,2.415940046310425
5000.0,TanhShrink,64.0,32.0,4.0,0.001,0.00897135492414236,57.5396842956543,2.62056303024292
5000.0,Relu,64.0,32.0,4.0,0.001,0.011809373274445534,55.158729553222656,1.959033489227295
10000.0,TanhShrink,64.0,32.0,4.0,0.001,0.011127655394375324,57.14285659790039,2.2331175804138184
5000.0,TanhShrink,128.0,64.0,8.0,0.003,0.011142906732857227,53.57143020629883,2.0403785705566406
10000.0,Relu,64.0,32.0,4.0,0.001,0.017194388434290886,54.36507797241211,1.810547947883606
3000.0,TanhShrink,64.0,16.0,16.0,0.03,0.008324635215103626,48.412696838378906,1.7494367361068726
3000.0,Relu,64.0,16.0,16.0,0.03,0.013304674066603184,50.39682388305664,1.447688341140747
5000.0,TanhShrink,64.0,16.0,16.0,0.03,0.00864559505134821,54.36507797241211,1.944344401359558
5000.0,Relu,64.0,16.0,16.0,0.03,0.013050159439444542,51.587303161621094,1.9512810707092285
10000.0,TanhShrink,64.0,16.0,16.0,0.03,0.01957092620432377,53.17460250854492,2.2738912105560303
10000.0,Relu,64.0,16.0,16.0,0.03,0.01531604491174221,55.9523811340332,2.2600390911102295
3000.0,TanhShrink,64.0,16.0,16.0,0.003,0.007729697972536087,57.93650817871094,2.601508617401123
3000.0,Relu,64.0,16.0,16.0,0.003,0.012526186183094978,53.96825408935547,1.8538154363632202
5000.0,TanhShrink,64.0,16.0,16.0,0.003,0.00886507611721754,57.93650817871094,2.2503228187561035
5000.0,Relu,128.0,64.0,8.0,0.003,0.012738839723169804,52.77777862548828,1.60261070728302
5000.0,Relu,64.0,16.0,16.0,0.003,0.013638296164572239,56.349205017089844,2.14211106300354
10000.0,TanhShrink,64.0,16.0,16.0,0.003,0.01271679438650608,53.17460250854492,1.7886433601379395
10000.0,Relu,64.0,16.0,16.0,0.003,0.013512575067579746,58.730159759521484,2.8619015216827393
3000.0,TanhShrink,64.0,16.0,16.0,0.001,0.007710570935159922,53.96825408935547,1.9186207056045532
3000.0,Relu,64.0,16.0,16.0,0.001,0.0087681720033288,57.93650817871094,2.3200366497039795
5000.0,TanhShrink,64.0,16.0,16.0,0.001,0.009133542887866497,56.349205017089844,2.210423469543457
5000.0,Relu,64.0,16.0,16.0,0.001,0.015649912878870964,51.19047546386719,1.6608928442001343
10000.0,TanhShrink,64.0,16.0,16.0,0.001,0.009962516836822033,54.761905670166016,1.886395812034607
10000.0,Relu,64.0,16.0,16.0,0.001,0.02102796547114849,52.380950927734375,1.807631254196167
3000.0,TanhShrink,64.0,16.0,8.0,0.03,0.0076021067798137665,54.36507797241211,2.0580179691314697
10000.0,TanhShrink,128.0,64.0,8.0,0.003,0.013127644546329975,53.96825408935547,1.778725028038025
3000.0,Relu,64.0,16.0,8.0,0.03,0.019071927294135094,47.22222137451172,1.4493558406829834
5000.0,TanhShrink,64.0,16.0,8.0,0.03,0.008739925920963287,48.412696838378906,1.5897425413131714
5000.0,Relu,64.0,16.0,8.0,0.03,0.015602977015078068,51.984127044677734,1.9661121368408203
10000.0,TanhShrink,64.0,16.0,8.0,0.03,0.011561243794858456,55.158729553222656,2.1409058570861816
10000.0,Relu,64.0,16.0,8.0,0.03,0.015674060210585594,57.93650817871094,2.40000319480896
3000.0,TanhShrink,64.0,16.0,8.0,0.003,0.007695714011788368,55.158729553222656,1.7634401321411133
3000.0,Relu,64.0,16.0,8.0,0.003,0.01141931489109993,56.74603271484375,1.9354008436203003
5000.0,TanhShrink,64.0,16.0,8.0,0.003,0.012300779111683369,56.349205017089844,2.179797410964966
5000.0,Relu,64.0,16.0,8.0,0.003,0.017816118896007538,49.20634841918945,1.4347572326660156
10000.0,TanhShrink,64.0,16.0,8.0,0.003,0.011295070871710777,55.158729553222656,1.892712950706482
5000.0,TanhShrink,128.0,64.0,16.0,0.03,0.011740353889763355,50.79365158081055,1.510951280593872
5000.0,TanhShrink,128.0,64.0,16.0,0.03,0.011740353889763355,50.79365158081055,1.510951280593872
10000.0,Relu,128.0,64.0,8.0,0.003,0.011696932837367058,57.5396842956543,2.4545767307281494
10000.0,Relu,64.0,16.0,8.0,0.003,0.014618739485740662,53.96825408935547,2.0590689182281494
3000.0,TanhShrink,64.0,16.0,8.0,0.001,0.007093991152942181,50.79365158081055,2.0935094356536865
3000.0,Relu,64.0,16.0,8.0,0.001,0.00799351092427969,56.349205017089844,2.0188651084899902
5000.0,TanhShrink,64.0,16.0,8.0,0.001,0.008018163964152336,58.33333206176758,2.7314064502716064
5000.0,Relu,64.0,16.0,8.0,0.001,0.013006350956857204,59.126983642578125,2.7400450706481934
10000.0,TanhShrink,64.0,16.0,8.0,0.001,0.01112926285713911,56.349205017089844,2.3167014122009277
10000.0,Relu,64.0,16.0,8.0,0.001,0.013721422292292118,52.77777862548828,1.691838264465332
3000.0,TanhShrink,64.0,16.0,4.0,0.03,0.014245071448385715,47.619049072265625,1.56609308719635
3000.0,Relu,64.0,16.0,4.0,0.03,0.01119129080325365,55.9523811340332,1.73256254196167
5000.0,TanhShrink,64.0,16.0,4.0,0.03,0.008506120182573795,56.74603271484375,2.4570441246032715
3000.0,TanhShrink,128.0,64.0,8.0,0.001,0.008516824804246426,57.93650817871094,2.2704296112060547
5000.0,Relu,64.0,16.0,4.0,0.03,0.011401291005313396,53.17460250854492,1.6935687065124512
10000.0,TanhShrink,64.0,16.0,4.0,0.03,0.008903558366000652,50.39682388305664,1.6787946224212646
10000.0,Relu,64.0,16.0,4.0,0.03,0.02129611186683178,50.39682388305664,2.099128007888794
3000.0,TanhShrink,64.0,16.0,4.0,0.003,0.008472849614918232,51.587303161621094,1.7416658401489258
3000.0,Relu,64.0,16.0,4.0,0.003,0.009825739078223705,55.9523811340332,2.1408989429473877
5000.0,TanhShrink,64.0,16.0,4.0,0.003,0.010118200443685055,55.158729553222656,2.1481454372406006
5000.0,Relu,64.0,16.0,4.0,0.003,0.015694046393036842,59.92063522338867,2.3836967945098877
10000.0,TanhShrink,64.0,16.0,4.0,0.003,0.010180020704865456,52.77777862548828,1.8828743696212769
10000.0,Relu,64.0,16.0,4.0,0.003,0.014675386250019073,54.36507797241211,1.7212685346603394
3000.0,TanhShrink,64.0,16.0,4.0,0.001,0.007778066676110029,53.96825408935547,2.664424180984497
3000.0,Relu,128.0,64.0,8.0,0.001,0.012021152302622795,54.36507797241211,1.748778223991394
3000.0,Relu,64.0,16.0,4.0,0.001,0.009902638383209705,52.77777862548828,1.7727854251861572
5000.0,TanhShrink,64.0,16.0,4.0,0.001,0.008576047606766224,54.36507797241211,1.9682012796401978
5000.0,Relu,64.0,16.0,4.0,0.001,0.010406284593045712,54.761905670166016,2.1276915073394775
10000.0,TanhShrink,64.0,16.0,4.0,0.001,0.011005965061485767,56.74603271484375,1.9057159423828125
10000.0,Relu,64.0,16.0,4.0,0.001,0.020467178896069527,54.761905670166016,2.1807572841644287
3000.0,TanhShrink,32.0,64.0,16.0,0.03,0.025448473170399666,53.57143020629883,2.15229868888855
3000.0,Relu,32.0,64.0,16.0,0.03,0.015270000323653221,56.349205017089844,2.3857762813568115
5000.0,TanhShrink,32.0,64.0,16.0,0.03,0.018145162612199783,50.0,1.6041772365570068
5000.0,Relu,32.0,64.0,16.0,0.03,0.015331167727708817,59.52381134033203,2.649698495864868
10000.0,TanhShrink,32.0,64.0,16.0,0.03,0.023739689961075783,49.60317611694336,1.7671034336090088
5000.0,TanhShrink,128.0,64.0,8.0,0.001,0.020616119727492332,51.19047546386719,1.6707260608673096
10000.0,Relu,32.0,64.0,16.0,0.03,0.008284308947622776,52.77777862548828,2.131793975830078
3000.0,TanhShrink,32.0,64.0,16.0,0.003,0.009388315491378307,57.14285659790039,2.178614377975464
3000.0,Relu,32.0,64.0,16.0,0.003,0.013224132359027863,50.0,1.4659665822982788
5000.0,TanhShrink,32.0,64.0,16.0,0.003,0.010165274143218994,55.158729553222656,1.9911231994628906
5000.0,Relu,32.0,64.0,16.0,0.003,0.014125403016805649,58.33333206176758,2.7306106090545654
10000.0,TanhShrink,32.0,64.0,16.0,0.003,0.012997720390558243,51.587303161621094,1.7092831134796143
10000.0,Relu,32.0,64.0,16.0,0.003,0.021031340584158897,50.0,1.9493335485458374
3000.0,TanhShrink,32.0,64.0,16.0,0.001,0.00830645952373743,57.14285659790039,2.5109434127807617
3000.0,Relu,32.0,64.0,16.0,0.001,0.01218394935131073,54.36507797241211,1.8933169841766357
5000.0,TanhShrink,32.0,64.0,16.0,0.001,0.008716524578630924,58.730159759521484,2.238344669342041
5000.0,Relu,128.0,64.0,8.0,0.001,0.012960078194737434,51.587303161621094,1.8139679431915283
5000.0,Relu,32.0,64.0,16.0,0.001,0.020952176302671432,58.33333206176758,2.4694035053253174
10000.0,TanhShrink,32.0,64.0,16.0,0.001,0.00997320655733347,53.57143020629883,2.0391323566436768
10000.0,Relu,32.0,64.0,16.0,0.001,0.017571521922945976,55.158729553222656,1.805606722831726
3000.0,TanhShrink,32.0,64.0,8.0,0.03,0.010501835495233536,52.77777862548828,2.03669810295105
3000.0,Relu,32.0,64.0,8.0,0.03,0.013194999657571316,56.349205017089844,2.7356152534484863
5000.0,TanhShrink,32.0,64.0,8.0,0.03,0.008330464363098145,52.380950927734375,1.9370582103729248
5000.0,Relu,32.0,64.0,8.0,0.03,0.013679888099431992,55.158729553222656,2.460211992263794
10000.0,TanhShrink,32.0,64.0,8.0,0.03,0.008791683241724968,53.96825408935547,2.1348800659179688
10000.0,Relu,32.0,64.0,8.0,0.03,0.023087505251169205,54.761905670166016,2.0711536407470703
3000.0,TanhShrink,32.0,64.0,8.0,0.003,0.007747421972453594,55.55555725097656,1.9486747980117798
10000.0,TanhShrink,128.0,64.0,8.0,0.001,0.01143758837133646,57.5396842956543,2.3674020767211914
3000.0,Relu,32.0,64.0,8.0,0.003,0.009141875430941582,61.11111068725586,2.587369680404663
5000.0,TanhShrink,32.0,64.0,8.0,0.003,0.01187252625823021,57.93650817871094,2.030844211578369
5000.0,Relu,32.0,64.0,8.0,0.003,0.01779025048017502,53.57143020629883,1.7348544597625732
10000.0,TanhShrink,32.0,64.0,8.0,0.003,0.009913056157529354,57.14285659790039,2.301670789718628
10000.0,Relu,32.0,64.0,8.0,0.003,0.02059362642467022,49.20634841918945,1.5762686729431152
3000.0,TanhShrink,32.0,64.0,8.0,0.001,0.0078063360415399075,55.158729553222656,2.4581851959228516
3000.0,Relu,32.0,64.0,8.0,0.001,0.010684847831726074,53.96825408935547,1.6241114139556885
5000.0,TanhShrink,32.0,64.0,8.0,0.001,0.00790292676538229,51.19047546386719,1.9329948425292969
5000.0,Relu,32.0,64.0,8.0,0.001,0.014509668573737144,50.0,1.4962084293365479
10000.0,TanhShrink,32.0,64.0,8.0,0.001,0.009446960873901844,58.33333206176758,2.310905933380127
10000.0,Relu,128.0,64.0,8.0,0.001,0.013735644519329071,52.380950927734375,1.880118489265442
10000.0,Relu,32.0,64.0,8.0,0.001,0.017051154747605324,52.380950927734375,1.746762752532959
3000.0,TanhShrink,32.0,64.0,4.0,0.03,0.009826448746025562,50.39682388305664,1.8079122304916382
3000.0,Relu,32.0,64.0,4.0,0.03,0.012850423343479633,54.761905670166016,1.868782877922058
5000.0,TanhShrink,32.0,64.0,4.0,0.03,0.00875480379909277,53.17460250854492,1.764460802078247
5000.0,Relu,32.0,64.0,4.0,0.03,0.013956531882286072,55.9523811340332,2.057238817214966
10000.0,TanhShrink,32.0,64.0,4.0,0.03,0.007479379419237375,53.57143020629883,2.0525519847869873
10000.0,Relu,32.0,64.0,4.0,0.03,0.017941009253263474,51.587303161621094,2.3540053367614746
3000.0,TanhShrink,32.0,64.0,4.0,0.003,0.007975185289978981,54.36507797241211,2.448235511779785
3000.0,Relu,32.0,64.0,4.0,0.003,0.011026219464838505,55.55555725097656,1.9347306489944458
5000.0,TanhShrink,32.0,64.0,4.0,0.003,0.008872618898749352,52.77777862548828,1.8399486541748047
3000.0,TanhShrink,128.0,64.0,4.0,0.03,0.02669209986925125,50.39682388305664,1.6325321197509766
5000.0,Relu,32.0,64.0,4.0,0.003,0.01024232991039753,55.9523811340332,2.734496593475342
10000.0,TanhShrink,32.0,64.0,4.0,0.003,0.012803645804524422,55.158729553222656,1.8492329120635986
10000.0,Relu,32.0,64.0,4.0,0.003,0.013942083343863487,52.77777862548828,1.8964840173721313
3000.0,TanhShrink,32.0,64.0,4.0,0.001,0.007254790980368853,52.380950927734375,1.7106877565383911
3000.0,Relu,32.0,64.0,4.0,0.001,0.01115493569523096,52.380950927734375,1.8996881246566772
5000.0,TanhShrink,32.0,64.0,4.0,0.001,0.02016596682369709,50.79365158081055,1.6445207595825195
5000.0,Relu,32.0,64.0,4.0,0.001,0.012613103725016117,53.57143020629883,2.0353546142578125
10000.0,TanhShrink,32.0,64.0,4.0,0.001,0.011208976618945599,56.349205017089844,2.039311170578003
10000.0,Relu,32.0,64.0,4.0,0.001,0.01987062208354473,55.158729553222656,2.0437870025634766
3000.0,TanhShrink,32.0,32.0,16.0,0.03,0.008129194378852844,56.349205017089844,2.611923933029175
3000.0,Relu,128.0,64.0,4.0,0.03,0.012807110324501991,50.0,1.6756796836853027
3000.0,Relu,32.0,32.0,16.0,0.03,0.011450362391769886,57.14285659790039,2.046351432800293
5000.0,TanhShrink,32.0,32.0,16.0,0.03,0.012113084085285664,55.55555725097656,2.0267090797424316
5000.0,Relu,32.0,32.0,16.0,0.03,0.015736104920506477,54.36507797241211,1.7209933996200562
10000.0,TanhShrink,32.0,32.0,16.0,0.03,0.32685238122940063,55.158729553222656,1.7076791524887085
10000.0,Relu,32.0,32.0,16.0,0.03,0.011132064275443554,51.984127044677734,1.6082779169082642
3000.0,TanhShrink,32.0,32.0,16.0,0.003,0.007864935323596,58.33333206176758,2.13419246673584
3000.0,Relu,32.0,32.0,16.0,0.003,0.01617574691772461,55.158729553222656,2.607452392578125
5000.0,TanhShrink,32.0,32.0,16.0,0.003,0.009556017816066742,57.5396842956543,2.365640163421631
5000.0,Relu,32.0,32.0,16.0,0.003,0.015881435945630074,52.380950927734375,1.6254019737243652
10000.0,TanhShrink,32.0,32.0,16.0,0.003,0.01097453199326992,53.17460250854492,1.7892284393310547
5000.0,TanhShrink,128.0,64.0,4.0,0.03,0.01762351207435131,51.984127044677734,1.964744210243225
10000.0,Relu,32.0,32.0,16.0,0.003,0.020052863284945488,56.74603271484375,1.964483380317688
3000.0,TanhShrink,32.0,32.0,16.0,0.001,0.008258003741502762,53.96825408935547,2.203493118286133
3000.0,Relu,32.0,32.0,16.0,0.001,0.009950939565896988,55.158729553222656,2.273876905441284
5000.0,TanhShrink,32.0,32.0,16.0,0.001,0.008256611414253712,57.14285659790039,2.5236923694610596
5000.0,Relu,32.0,32.0,16.0,0.001,0.011188569478690624,52.77777862548828,1.926941990852356
10000.0,TanhShrink,32.0,32.0,16.0,0.001,0.01067466102540493,56.74603271484375,2.0514278411865234
10000.0,Relu,32.0,32.0,16.0,0.001,0.01381591148674488,53.57143020629883,1.821677565574646
3000.0,TanhShrink,32.0,32.0,8.0,0.03,0.01514604315161705,51.984127044677734,1.5160317420959473
3000.0,Relu,32.0,32.0,8.0,0.03,0.011796357110142708,52.77777862548828,2.0549468994140625
5000.0,TanhShrink,32.0,32.0,8.0,0.03,0.010309656150639057,53.57143020629883,2.0740253925323486
5000.0,Relu,128.0,64.0,16.0,0.03,0.012838829308748245,53.17460250854492,2.0800375938415527
5000.0,Relu,128.0,64.0,16.0,0.03,0.012838829308748245,53.17460250854492,2.0800375938415527
5000.0,Relu,128.0,64.0,4.0,0.03,0.014951834455132484,52.380950927734375,1.5567491054534912
5000.0,Relu,32.0,32.0,8.0,0.03,0.013046267442405224,56.74603271484375,2.0197508335113525
10000.0,TanhShrink,32.0,32.0,8.0,0.03,0.016765166074037552,58.33333206176758,1.8884354829788208
10000.0,Relu,32.0,32.0,8.0,0.03,0.01546806376427412,54.36507797241211,2.0602757930755615
3000.0,TanhShrink,32.0,32.0,8.0,0.003,0.007772289682179689,54.761905670166016,2.3504021167755127
3000.0,Relu,32.0,32.0,8.0,0.003,0.009635821916162968,56.349205017089844,2.277783155441284
5000.0,TanhShrink,32.0,32.0,8.0,0.003,0.008695184253156185,55.9523811340332,2.0031216144561768
5000.0,Relu,32.0,32.0,8.0,0.003,0.015444058924913406,54.36507797241211,1.931771993637085
10000.0,TanhShrink,32.0,32.0,8.0,0.003,0.01146196760237217,56.74603271484375,2.0955870151519775
10000.0,Relu,32.0,32.0,8.0,0.003,0.015386880375444889,55.9523811340332,2.504241466522217
3000.0,TanhShrink,32.0,32.0,8.0,0.001,0.007184932939708233,53.57143020629883,1.8980532884597778
10000.0,TanhShrink,128.0,64.0,4.0,0.03,0.0170940849930048,47.22222137451172,1.2296022176742554
3000.0,Relu,32.0,32.0,8.0,0.001,0.008652289398014545,53.17460250854492,1.745309591293335
5000.0,TanhShrink,32.0,32.0,8.0,0.001,0.008559183217585087,56.74603271484375,2.3878045082092285
5000.0,Relu,32.0,32.0,8.0,0.001,0.010854334570467472,47.22222137451172,1.3853830099105835
10000.0,TanhShrink,32.0,32.0,8.0,0.001,0.014342574402689934,55.55555725097656,2.069253921508789
10000.0,Relu,32.0,32.0,8.0,0.001,0.0147364167496562,54.761905670166016,2.049746036529541
3000.0,TanhShrink,32.0,32.0,4.0,0.03,0.009609543718397617,50.0,1.3885793685913086
3000.0,Relu,32.0,32.0,4.0,0.03,0.012000467628240585,56.349205017089844,1.896418809890747
5000.0,TanhShrink,32.0,32.0,4.0,0.03,0.013779906556010246,58.730159759521484,2.606642246246338
5000.0,Relu,32.0,32.0,4.0,0.03,0.012949000112712383,52.380950927734375,1.7013249397277832
10000.0,TanhShrink,32.0,32.0,4.0,0.03,0.008805401623249054,49.60317611694336,1.640673279762268
10000.0,Relu,128.0,64.0,4.0,0.03,0.038918863981962204,51.984127044677734,1.7581478357315063
10000.0,Relu,32.0,32.0,4.0,0.03,0.015490224584937096,53.57143020629883,1.663708209991455
3000.0,TanhShrink,32.0,32.0,4.0,0.003,0.007482473738491535,56.349205017089844,1.974520206451416
3000.0,Relu,32.0,32.0,4.0,0.003,0.010124558582901955,58.33333206176758,2.234365224838257
5000.0,TanhShrink,32.0,32.0,4.0,0.003,0.008456558920443058,57.14285659790039,2.2266407012939453
5000.0,Relu,32.0,32.0,4.0,0.003,0.011901019141077995,53.57143020629883,1.614327073097229
10000.0,TanhShrink,32.0,32.0,4.0,0.003,0.009875524789094925,57.93650817871094,2.0616767406463623
10000.0,Relu,32.0,32.0,4.0,0.003,0.01405354030430317,51.587303161621094,1.3759962320327759
3000.0,TanhShrink,32.0,32.0,4.0,0.001,0.008330943062901497,55.158729553222656,1.8567696809768677
3000.0,Relu,32.0,32.0,4.0,0.001,0.007929791696369648,53.17460250854492,1.8020116090774536
5000.0,TanhShrink,32.0,32.0,4.0,0.001,0.007863926701247692,57.14285659790039,1.9875011444091797
3000.0,TanhShrink,128.0,64.0,4.0,0.003,0.009835711680352688,54.761905670166016,1.8345985412597656
5000.0,Relu,32.0,32.0,4.0,0.001,0.010896408930420876,56.349205017089844,1.9521290063858032
10000.0,TanhShrink,32.0,32.0,4.0,0.001,0.009439614601433277,57.14285659790039,2.2284600734710693
10000.0,Relu,32.0,32.0,4.0,0.001,0.012484581209719181,53.57143020629883,2.0108120441436768
3000.0,TanhShrink,32.0,16.0,16.0,0.03,0.010224832221865654,56.349205017089844,2.5646252632141113
3000.0,Relu,32.0,16.0,16.0,0.03,0.01341201364994049,55.158729553222656,1.7459529638290405
5000.0,TanhShrink,32.0,16.0,16.0,0.03,0.011508110910654068,51.587303161621094,1.8063007593154907
5000.0,Relu,32.0,16.0,16.0,0.03,0.013247217051684856,56.349205017089844,2.192127227783203
10000.0,TanhShrink,32.0,16.0,16.0,0.03,0.008813791908323765,57.14285659790039,2.25734543800354
10000.0,Relu,32.0,16.0,16.0,0.03,0.012907584197819233,52.77777862548828,2.160236120223999
3000.0,TanhShrink,32.0,16.0,16.0,0.003,0.00801756326109171,56.74603271484375,2.5158379077911377
3000.0,Relu,128.0,64.0,4.0,0.003,0.012466112151741982,55.158729553222656,2.2744104862213135
3000.0,Relu,32.0,16.0,16.0,0.003,0.008306590840220451,58.33333206176758,2.6698904037475586
5000.0,TanhShrink,32.0,16.0,16.0,0.003,0.0089335348457098,60.31745910644531,2.9649572372436523
5000.0,Relu,32.0,16.0,16.0,0.003,0.013861496932804585,55.158729553222656,2.411789655685425
10000.0,TanhShrink,32.0,16.0,16.0,0.003,0.009766077622771263,57.5396842956543,2.3399710655212402
10000.0,Relu,32.0,16.0,16.0,0.003,0.012195982970297337,55.9523811340332,2.5515308380126953
3000.0,TanhShrink,32.0,16.0,16.0,0.001,0.006936442106962204,57.5396842956543,2.701172113418579
3000.0,Relu,32.0,16.0,16.0,0.001,0.00919661857187748,53.57143020629883,1.8055239915847778
5000.0,TanhShrink,32.0,16.0,16.0,0.001,0.0076094032265245914,54.36507797241211,1.7434190511703491
5000.0,Relu,32.0,16.0,16.0,0.001,0.011736712418496609,53.17460250854492,1.8252432346343994
10000.0,TanhShrink,32.0,16.0,16.0,0.001,0.009231374599039555,54.36507797241211,2.0210752487182617
5000.0,TanhShrink,128.0,64.0,4.0,0.003,0.010881884954869747,54.36507797241211,1.9541926383972168
10000.0,Relu,32.0,16.0,16.0,0.001,0.010546214878559113,55.158729553222656,2.2934484481811523
3000.0,TanhShrink,32.0,16.0,8.0,0.03,0.0106667410582304,53.17460250854492,2.0989577770233154
3000.0,Relu,32.0,16.0,8.0,0.03,0.013899678364396095,53.57143020629883,1.6934902667999268
5000.0,TanhShrink,32.0,16.0,8.0,0.03,0.012752898037433624,52.380950927734375,1.9576579332351685
5000.0,Relu,32.0,16.0,8.0,0.03,0.014108885079622269,53.96825408935547,1.7671951055526733
10000.0,TanhShrink,32.0,16.0,8.0,0.03,0.009107079356908798,56.74603271484375,2.086557388305664
10000.0,Relu,32.0,16.0,8.0,0.03,0.013877610675990582,53.57143020629883,1.6903969049453735
3000.0,TanhShrink,32.0,16.0,8.0,0.003,0.007581326644867659,53.57143020629883,2.152350664138794
3000.0,Relu,32.0,16.0,8.0,0.003,0.008807177655398846,60.31745910644531,2.4220051765441895
5000.0,TanhShrink,32.0,16.0,8.0,0.003,0.009145376272499561,57.14285659790039,1.9789657592773438
5000.0,Relu,128.0,64.0,4.0,0.003,0.011394773609936237,52.380950927734375,1.7091256380081177
5000.0,Relu,32.0,16.0,8.0,0.003,0.011858134530484676,52.380950927734375,1.6085151433944702
10000.0,TanhShrink,32.0,16.0,8.0,0.003,0.012352769263088703,53.57143020629883,1.942549228668213
10000.0,Relu,32.0,16.0,8.0,0.003,0.02013225480914116,50.0,1.6221400499343872
3000.0,TanhShrink,32.0,16.0,8.0,0.001,0.007257144432514906,55.55555725097656,2.293480396270752
3000.0,Relu,32.0,16.0,8.0,0.001,0.008630352094769478,57.14285659790039,2.449491500854492
5000.0,TanhShrink,32.0,16.0,8.0,0.001,0.007951101288199425,53.57143020629883,1.9335204362869263
5000.0,Relu,32.0,16.0,8.0,0.001,0.010785717517137527,52.380950927734375,1.4862545728683472
10000.0,TanhShrink,32.0,16.0,8.0,0.001,0.00877545215189457,54.761905670166016,1.98309326171875
10000.0,Relu,32.0,16.0,8.0,0.001,0.009844520129263401,54.36507797241211,2.0049562454223633
3000.0,TanhShrink,32.0,16.0,4.0,0.03,0.007594521157443523,55.158729553222656,1.89008367061615
10000.0,TanhShrink,128.0,64.0,4.0,0.003,0.011515827849507332,50.39682388305664,1.422437071800232
3000.0,Relu,32.0,16.0,4.0,0.03,0.009776579216122627,53.57143020629883,1.429033875465393
5000.0,TanhShrink,32.0,16.0,4.0,0.03,0.007628320716321468,54.36507797241211,1.957802653312683
5000.0,Relu,32.0,16.0,4.0,0.03,0.0134322764351964,55.158729553222656,1.988216519355774
10000.0,TanhShrink,32.0,16.0,4.0,0.03,0.008526518009603024,55.9523811340332,2.2233757972717285
10000.0,Relu,32.0,16.0,4.0,0.03,0.014870654791593552,56.74603271484375,2.5324018001556396
3000.0,TanhShrink,32.0,16.0,4.0,0.003,0.007467358373105526,55.9523811340332,2.255241632461548
3000.0,Relu,32.0,16.0,4.0,0.003,0.008098142221570015,48.80952453613281,1.44480299949646
5000.0,TanhShrink,32.0,16.0,4.0,0.003,0.008576096966862679,55.55555725097656,2.2461042404174805
5000.0,Relu,32.0,16.0,4.0,0.003,0.011161847971379757,54.36507797241211,1.7798219919204712
10000.0,TanhShrink,32.0,16.0,4.0,0.003,0.008798399940133095,62.30158615112305,3.3926918506622314
10000.0,Relu,128.0,64.0,4.0,0.003,0.018132084980607033,56.349205017089844,2.426758289337158
10000.0,Relu,32.0,16.0,4.0,0.003,0.012963194400072098,51.984127044677734,1.850748062133789
3000.0,TanhShrink,32.0,16.0,4.0,0.001,0.008647709153592587,52.380950927734375,1.5398812294006348
3000.0,Relu,32.0,16.0,4.0,0.001,0.009008361957967281,55.55555725097656,2.1044058799743652
5000.0,TanhShrink,32.0,16.0,4.0,0.001,0.007609515450894833,53.57143020629883,2.034752368927002
5000.0,Relu,32.0,16.0,4.0,0.001,0.010561204515397549,49.60317611694336,1.2671486139297485
10000.0,TanhShrink,32.0,16.0,4.0,0.001,0.009797468781471252,57.14285659790039,2.2094247341156006
10000.0,Relu,32.0,16.0,4.0,0.001,0.01203861553221941,55.55555725097656,1.855414628982544
3000.0,TanhShrink,128.0,64.0,4.0,0.001,0.008374476805329323,54.761905670166016,1.8000479936599731
10000.0,TanhShrink,128.0,64.0,16.0,0.03,0.017124753445386887,48.412696838378906,1.033042550086975
3000.0,Relu,128.0,64.0,4.0,0.001,0.010715986602008343,50.39682388305664,1.510741114616394
5000.0,TanhShrink,128.0,64.0,4.0,0.001,0.010474780574440956,53.96825408935547,1.944090485572815
5000.0,Relu,128.0,64.0,4.0,0.001,0.016017204150557518,49.60317611694336,1.6878513097763062
10000.0,TanhShrink,128.0,64.0,4.0,0.001,0.011695485562086105,58.730159759521484,2.3253934383392334
10000.0,Relu,128.0,64.0,4.0,0.001,0.0160004161298275,54.761905670166016,2.1208131313323975
3000.0,TanhShrink,128.0,32.0,16.0,0.03,0.2009325623512268,49.60317611694336,1.1942360401153564
3000.0,Relu,128.0,32.0,16.0,0.03,0.014605475589632988,53.17460250854492,2.037837028503418
5000.0,TanhShrink,128.0,32.0,16.0,0.03,0.0432765856385231,52.380950927734375,1.7806364297866821
5000.0,Relu,128.0,32.0,16.0,0.03,0.009210853837430477,54.761905670166016,1.7952802181243896
10000.0,TanhShrink,128.0,32.0,16.0,0.03,0.008470737375319004,52.380950927734375,2.1014745235443115
10000.0,Relu,128.0,64.0,16.0,0.03,0.0201043039560318,53.57143020629883,1.8399585485458374
10000.0,Relu,128.0,32.0,16.0,0.03,0.01745672896504402,48.412696838378906,1.4338350296020508
3000.0,TanhShrink,128.0,32.0,16.0,0.003,0.022238630801439285,55.55555725097656,1.722914457321167
3000.0,Relu,128.0,32.0,16.0,0.003,0.012453255243599415,58.33333206176758,2.4601030349731445
5000.0,TanhShrink,128.0,32.0,16.0,0.003,0.011453180573880672,51.587303161621094,1.8486560583114624
5000.0,Relu,128.0,32.0,16.0,0.003,0.01350680086761713,51.984127044677734,2.1704137325286865
10000.0,TanhShrink,128.0,32.0,16.0,0.003,0.01642441190779209,50.79365158081055,1.703744888305664
10000.0,Relu,128.0,32.0,16.0,0.003,0.015168651938438416,53.17460250854492,1.6127519607543945
3000.0,TanhShrink,128.0,32.0,16.0,0.001,0.00836722832173109,57.5396842956543,2.2642719745635986
3000.0,Relu,128.0,32.0,16.0,0.001,0.013543229550123215,54.761905670166016,1.8614460229873657
5000.0,TanhShrink,128.0,32.0,16.0,0.001,0.009172480553388596,55.55555725097656,1.9818699359893799
3000.0,TanhShrink,128.0,64.0,16.0,0.003,0.009603368118405342,55.55555725097656,2.022718906402588
5000.0,Relu,128.0,32.0,16.0,0.001,0.012614316307008266,52.380950927734375,1.96200692653656
10000.0,TanhShrink,128.0,32.0,16.0,0.001,0.01189911738038063,52.77777862548828,1.5645372867584229
10000.0,Relu,128.0,32.0,16.0,0.001,0.01424250565469265,52.77777862548828,1.809538722038269
3000.0,TanhShrink,128.0,32.0,8.0,0.03,0.10231833904981613,44.44444274902344,1.283482313156128
3000.0,Relu,128.0,32.0,8.0,0.03,0.012476721778512001,55.55555725097656,1.5888398885726929
5000.0,TanhShrink,128.0,32.0,8.0,0.03,0.017810527235269547,45.238094329833984,1.470879316329956
5000.0,Relu,128.0,32.0,8.0,0.03,0.01429208368062973,53.17460250854492,1.9196852445602417
10000.0,TanhShrink,128.0,32.0,8.0,0.03,0.009074961766600609,50.0,1.3861137628555298
10000.0,Relu,128.0,32.0,8.0,0.03,0.015209647826850414,50.0,1.7531944513320923
3000.0,TanhShrink,128.0,32.0,8.0,0.003,0.02260575257241726,56.349205017089844,1.8804786205291748
3000.0,Relu,128.0,64.0,16.0,0.003,0.013814474456012249,49.20634841918945,1.7514195442199707
3000.0,Relu,128.0,32.0,8.0,0.003,0.015221213921904564,52.380950927734375,1.7951828241348267
5000.0,TanhShrink,128.0,32.0,8.0,0.003,0.012723669409751892,53.17460250854492,1.783851146697998
5000.0,Relu,128.0,32.0,8.0,0.003,0.017984233796596527,51.587303161621094,1.4689621925354004
10000.0,TanhShrink,128.0,32.0,8.0,0.003,0.0127746956422925,51.587303161621094,1.827501654624939
10000.0,Relu,128.0,32.0,8.0,0.003,0.017775198444724083,54.761905670166016,2.013439893722534
3000.0,TanhShrink,128.0,32.0,8.0,0.001,0.007773357909172773,59.92063522338867,2.4729456901550293
3000.0,Relu,128.0,32.0,8.0,0.001,0.011705167591571808,54.761905670166016,2.0276029109954834
5000.0,TanhShrink,128.0,32.0,8.0,0.001,0.009747440926730633,56.74603271484375,1.9692628383636475
5000.0,Relu,128.0,32.0,8.0,0.001,0.01130110677331686,52.77777862548828,1.8889871835708618
10000.0,TanhShrink,128.0,32.0,8.0,0.001,0.01188972033560276,55.55555725097656,2.181201696395874
5000.0,TanhShrink,128.0,64.0,16.0,0.003,0.011106522753834724,55.55555725097656,2.2162539958953857
10000.0,Relu,128.0,32.0,8.0,0.001,0.01146356575191021,55.9523811340332,2.4360363483428955
3000.0,TanhShrink,128.0,32.0,4.0,0.03,0.011885323561728,51.984127044677734,1.8795726299285889
3000.0,Relu,128.0,32.0,4.0,0.03,0.018380237743258476,50.0,1.3972502946853638
5000.0,TanhShrink,128.0,32.0,4.0,0.03,0.008296329528093338,53.96825408935547,1.849344253540039
5000.0,Relu,128.0,32.0,4.0,0.03,0.013976812362670898,55.9523811340332,2.290818691253662
10000.0,TanhShrink,128.0,32.0,4.0,0.03,0.00920203048735857,51.984127044677734,1.647415041923523
10000.0,Relu,128.0,32.0,4.0,0.03,0.011471542529761791,53.96825408935547,2.3581185340881348
3000.0,TanhShrink,128.0,32.0,4.0,0.003,0.009775030426681042,55.55555725097656,1.958099126815796
3000.0,Relu,128.0,32.0,4.0,0.003,0.011000646278262138,53.96825408935547,1.994295597076416
5000.0,TanhShrink,128.0,32.0,4.0,0.003,0.01068874541670084,57.5396842956543,2.363492965698242
